INSERT INTO USER (ID, USER_NAME, USER_EMAIL, USER_PAIRING_ENABLED) VALUES (1, 'Pink Elephant', 'pink.elephant@gmail.com', false);
INSERT INTO USER (ID, USER_NAME, USER_EMAIL, USER_PAIRING_ENABLED) VALUES (2, 'Green Dinosaur', 'green.dinosaur@gmail.com', true);
INSERT INTO USER (ID, USER_NAME, USER_EMAIL, USER_PAIRING_ENABLED) VALUES (3, 'Hiruna Smith', 'hiruna.smith@gmail.com', true);
INSERT INTO USER (ID, USER_NAME, USER_EMAIL, USER_PAIRING_ENABLED) VALUES (4, 'Flynn Smith', 'flynn.smith@gmail.com', true);
INSERT INTO USER (ID, USER_NAME, USER_EMAIL, USER_PAIRING_ENABLED) VALUES (5, 'CZ Carry', 'cz.carry@gmail.com', true);
INSERT INTO USER (ID, USER_NAME, USER_EMAIL, USER_PAIRING_ENABLED) VALUES (6, 'only sevenfifty', 'only.seven@gmail.com', true);

INSERT INTO BUDDIES (ID, USER_0_ID, USER_1_ID) VALUES (1, 4, 5);

INSERT INTO COURSE (COURSE_ID, COURSE_NAME, SEMESTER, STUDENT_COUNT, TIME_UPDATED) VALUES
    (1, 'SOFTENG 701', 'Semester 1 2022', 10, '2022-03-16 14:29:36');
INSERT INTO COURSE (COURSE_ID, COURSE_NAME, SEMESTER, STUDENT_COUNT, TIME_UPDATED) VALUES
    (2, 'SOFTENG 754', 'Semester 1 2022', 10, '2022-03-16 14:29:36');
INSERT INTO COURSE (COURSE_ID, COURSE_NAME, SEMESTER, STUDENT_COUNT, TIME_UPDATED) VALUES
    (3, 'SOFTENG 750', 'Semester 1 2022', 10, '2022-03-16 14:29:36');
INSERT INTO COURSE (COURSE_ID, COURSE_NAME, SEMESTER, STUDENT_COUNT, TIME_UPDATED) VALUES
    (4, 'ENGSCI 761', 'Semester 1 2022', 10, '2022-03-16 14:29:36');
INSERT INTO COURSE (COURSE_ID, COURSE_NAME, SEMESTER, STUDENT_COUNT, TIME_UPDATED) VALUES
    (5, 'CarryClass 761', 'Semester 1 2022', 1, '2022-03-16 14:29:36');

INSERT INTO COURSE_STUDENT (COURSE_ID, USER_ID) VALUES
    (1, 2);
INSERT INTO COURSE_STUDENT (COURSE_ID, USER_ID) VALUES
    (1, 3);
INSERT INTO COURSE_STUDENT (COURSE_ID, USER_ID) VALUES
    (1, 4);
INSERT INTO COURSE_STUDENT (COURSE_ID, USER_ID) VALUES
    (1, 5);
INSERT INTO COURSE_STUDENT (COURSE_ID, USER_ID) VALUES
    (2, 1);
INSERT INTO COURSE_STUDENT (COURSE_ID, USER_ID) VALUES
    (3, 6);
INSERT INTO COURSE_STUDENT (COURSE_ID, USER_ID) VALUES
    (4, 3);
INSERT INTO COURSE_STUDENT (COURSE_ID, USER_ID) VALUES
    (5, 5);

